train_loss,epoch,step,test_loss
0.34308263659477234,0,499,
,0,500,0.19683758914470673
