train_loss,epoch,step,test_loss
0.4072570502758026,0,194,
0.2859233021736145,1,299,
,1,300,0.26979994773864746
