train_loss,epoch,step
0.403341680765152,0,194
0.2858472764492035,1,299
