,gpu,compute,model,seq_len,batch_size,cpu_time,forward,backward,test_loss,vram_usage,vram_io,sm_util,tc_util
0,v100-16gb-300w,amp,distilroberta-base,512,8,0.000853682,0.017586,0.050033,0.21481697261333466,5733.666666666667,25.083333333333332,50.08258079991573,32.31574899565482
1,v100-16gb-300w,amp,distilroberta-base,512,32,0.0012514550000000003,0.019799,0.18679,0.18262901902198792,13479.666666666666,51.833333333333336,69.56330861350125,32.27059272370429
2,v100-16gb-300w,amp,distilroberta-base,128,8,0.000818426,0.016901,0.032901,0.3316252827644348,3280.6666666666665,8.416666666666666,16.981641262911136,36.40462718063971
3,v100-16gb-300w,amp,distilroberta-base,128,64,0.001465613,0.018414,0.066787,0.280166357755661,5683.0,33.0,47.14957089250426,39.0195921764923
4,v100-16gb-300w,amp,distilroberta-base,128,32,0.0012208020000000002,0.01968,0.038257,0.29111315310001373,4367.666666666667,21.5,35.37566173502956,37.79442775995403
5,v100-16gb-300w,amp,distilroberta-base,128,128,0.004445738,0.018347,0.13208,0.2723444998264313,8631.666666666666,43.166666666666664,59.75239179611637,40.07509189659681
