train_loss,epoch,step
0.34027957916259766,0,194
0.219528928399086,1,299
