train_loss,epoch,step
0.3660351634025574,0,194
0.23176348209381104,1,299
