{"model_name": "distilroberta-base", "batch_size": 64, "epochs": 1, "num_gpus": 1, "max_seq_len": 512, "dataset": "imdb", "num_workers": 4, "profile_mode": false, "pytorch_adamw": false, "amp": true, "asp": false, "exp_name": "results/ec2-a100/amp-distilroberta-base-512-64", "vram_start": {"total": [40.536, 40.536, 40.536, 40.536, 40.536, 40.536, 40.536, 40.536], "used": [0.007, 0.004, 0.004, 0.004, 0.004, 0.004, 0.004, 0.004]}, "vram_end": {"total": [40.536, 40.536, 40.536, 40.536, 40.536, 40.536, 40.536, 40.536], "used": [2.742, 0.004, 0.004, 0.004, 0.004, 0.004, 0.004, 0.004]}, "train_duration": 91.2575454711914, "cold_start_time": 23.93406081199646, "eval_results": [{"test_loss": 0.17709319293498993}]}