train_loss,epoch,step
0.4120151400566101,0,194
0.2897648811340332,1,299
