train_loss,epoch,step
0.4328341782093048,0,96
0.24938249588012695,1,193
0.21264156699180603,2,290
0.176432803273201,3,299
