train_loss,epoch,step
0.29373881220817566,0,194
0.17579486966133118,1,299
