train_loss,epoch,step,test_loss
0.39735081791877747,0,299,
,0,300,0.28766578435897827
