{"model_name": "distilroberta-base", "batch_size": 32, "epochs": 1, "num_gpus": 1, "max_seq_len": 128, "dataset": "imdb", "num_workers": 4, "profile_mode": false, "pytorch_adamw": false, "amp": true, "asp": false, "exp_name": "results/ec2-a100/amp-distilroberta-base-128-32", "vram_start": {"total": [40.536, 40.536, 40.536, 40.536, 40.536, 40.536, 40.536, 40.536], "used": [0.007, 0.004, 0.004, 0.004, 0.004, 0.004, 0.004, 0.004]}, "vram_end": {"total": [40.536, 40.536, 40.536, 40.536, 40.536, 40.536, 40.536, 40.536], "used": [2.588, 0.004, 0.004, 0.004, 0.004, 0.004, 0.004, 0.004]}, "train_duration": 29.443060159683228, "cold_start_time": 23.540181398391724, "eval_results": [{"test_loss": 0.27556437253952026}]}