train_loss,epoch,step
0.48087215423583984,0,96
0.2998260259628296,1,193
0.26345017552375793,2,290
0.2406821995973587,3,299
