{"model_name": "distilroberta-base", "batch_size": 8, "epochs": 1, "num_gpus": 1, "max_seq_len": 128, "dataset": "imdb", "num_workers": 4, "profile_mode": false, "pytorch_adamw": false, "amp": true, "asp": false, "exp_name": "results/ec2-a100/amp/distilroberta-base-128-8", "vram_start": {"total": [40.536, 40.536, 40.536, 40.536, 40.536, 40.536, 40.536, 40.536], "used": [0.007, 0.004, 0.004, 0.004, 0.004, 0.004, 0.004, 0.004]}, "vram_end": {"total": [40.536, 40.536, 40.536, 40.536, 40.536, 40.536, 40.536, 40.536], "used": [2.632, 0.004, 0.004, 0.004, 0.004, 0.004, 0.004, 0.004]}, "train_duration": 95.70928168296814, "cold_start_time": 24.388254165649414, "eval_results": [{"test_loss": 0.3333294093608856}]}