train_loss,epoch,step,test_loss
0.2962046265602112,0,299,
,0,300,0.18144167959690094
