train_loss,epoch,step,test_loss
0.48493191599845886,0,299,
,0,300,0.33728569746017456
