train_loss,epoch,step
0.30957525968551636,0,194
0.17397457361221313,1,299
