train_loss,epoch,step
0.3759385347366333,0,194
0.2440800666809082,1,299
