train_loss,epoch,step
0.43324100971221924,0,96
0.22933758795261383,1,193
0.2005574107170105,2,290
0.1756638139486313,3,299
