train_loss,epoch,step,test_loss
0.38448068499565125,0,299,
,0,300,0.27728620171546936
