train_loss,epoch,step,test_loss
0.36150792241096497,0,499,
,0,500,0.2805826961994171
