train_loss,epoch,step,test_loss
0.4282205104827881,0,499,
,0,500,0.32513704895973206
