train_loss,epoch,step
0.4532589018344879,0,96
0.2931984066963196,1,193
0.2622623145580292,2,290
0.24066860973834991,3,299
